LOCATION,ITEM
ZA001A,DX9850004338
ZA002A,
ZA003A,
ZA004A,DX9850004348
ZA005A,
ZA006A,
ZA007A,
ZA008A,
ZA009A,
ZA010A,
ZA011A,
ZA012A,
ZA013A,
ZA014A,DX9850000498
ZA015A,
ZA016A,
ZA017A,DX9850000160
ZA018A,
ZA019A,DX9850000123
ZA020A,
ZA021A,
ZA022A,
ZA023A,
ZA024A,
ZA025A,
ZA026A,DX9850005448
ZA027A,
ZA028A,DX9850000623
ZA029A,DX9850000622
ZA030A,
ZA031A,DX9850000510
ZA032A,
ZA033A,DX9811261966
ZA034A,
ZA035A,
ZA036A,
ZA037A,DX9850000624
ZA001B,
ZA002B,
ZA003B,
ZA004B,
ZA005B,
ZA006B,
ZA007B,
ZA008B,
ZA009B,
ZA010B,
ZA011B,
ZA012B,
ZA013B,
ZA014B,
ZA015B,
ZA016B,
ZA017B,
ZA018B,
ZA019B,
ZA020B,
ZA021B,
ZA022B,
ZA023B,
ZA024B,
ZA025B,
ZA026B,
ZA027B,
ZA028B,
ZA029B,
ZA030B,
ZA031B,
ZA032B,
ZA033B,
ZA034B,
ZA035B,
ZA036B,
ZA037B,
ZA001C,
ZA002C,
ZA003C,
ZA004C,
ZA005C,
ZA006C,
ZA007C,
ZA008C,
ZA009C,
ZA010C,
ZA011C,
ZA012C,
ZA013C,
ZA014C,
ZA015C,
ZA016C,
ZA017C,
ZA018C,
ZA019C,
ZA020C,
ZA021C,
ZA022C,
ZA023C,
ZA024C,
ZA025C,
ZA026C,
ZA027C,
ZA028C,
ZA029C,
ZA030C,
ZA031C,
ZA032C,
ZA033C,
ZA034C,
ZA035C,
ZA036C,
ZA037C,
ZA001D,
ZA002D,
ZA003D,
ZA004D,
ZA005D,
ZA006D,
ZA007D,
ZA008D,
ZA009D,
ZA010D,
ZA011D,
ZA012D,
ZA013D,
ZA014D,
ZA015D,
ZA016D,
ZA017D,
ZA018D,
ZA019D,
ZA020D,
ZA021D,
ZA022D,
ZA023D,
ZA024D,
ZA025D,
ZA026D,
ZA027D,
ZA028D,
ZA029D,
ZA030D,
ZA031D,
ZA032D,
ZA033D,
ZA034D,
ZA035D,
ZA036D,
ZA037D,
ZA001E,
ZA002E,
ZA003E,
ZA004E,
ZA005E,
ZA006E,
ZA007E,
ZA008E,
ZA009E,
ZA010E,
ZA011E,
ZA012E,
ZA013E,
ZA014E,
ZA015E,
ZA016E,
ZA017E,
ZA018E,
ZA019E,
ZA020E,
ZA021E,
ZA022E,
ZA023E,
ZA024E,
ZA025E,
ZA026E,
ZA027E,
ZA028E,
ZA029E,
ZA030E,
ZA031E,
ZA032E,
ZA033E,
ZA034E,
ZA035E,
ZA036E,
ZA037E,
ZA001F,
ZA002F,
ZA003F,
ZA004F,
ZA005F,
ZA006F,
ZA007F,
ZA008F,
ZA009F,
ZA010F,
ZA011F,
ZA012F,
ZA013F,
ZA014F,
ZA015F,
ZA016F,
ZA017F,
ZA018F,
ZA019F,
ZA020F,
ZA021F,
ZA022F,
ZA023F,
ZA024F,
ZA025F,
ZA026F,
ZA027F,
ZA028F,
ZA029F,
ZA030F,
ZA031F,
ZA032F,
ZA033F,
ZA034F,
ZA035F,
ZA036F,
ZA037F,
ZB001A,DX9850005442
ZB002A,
ZB003A,
ZB004A,
ZB005A,DX9850000191
ZB006A,
ZB007A,DX9850000526
ZB008A,
ZB009A,
ZB010A,DX9850005443
ZB011A,DX9850002588
ZB012A,
ZB013A,
ZB014A,
ZB015A,
ZB016A,
ZB017A,
ZB018A,DX9850004351
ZB019A,DX9860000499
ZB020A,
ZB021A,
ZB022A,DX9850004350
ZB023A,
ZB024A,
ZB025A,
ZB026A,
ZB027A,
ZB028A,
ZB029A,
ZB030A,
ZB031A,
ZB032A,DX9850002828
ZB033A,
ZB034A,
ZB035A,DX9850002827
ZB036A,
ZB037A,
ZB001B,
ZB002B,
ZB003B,
ZB004B,
ZB005B,
ZB006B,
ZB007B,
ZB008B,
ZB009B,
ZB010B,
ZB011B,
ZB012B,
ZB013B,
ZB014B,
ZB015B,
ZB016B,
ZB017B,
ZB018B,
ZB019B,
ZB020B,
ZB021B,
ZB022B,
ZB023B,
ZB024B,
ZB025B,
ZB026B,
ZB027B,
ZB028B,
ZB029B,
ZB030B,
ZB031B,
ZB032B,
ZB033B,
ZB034B,
ZB035B,
ZB036B,
ZB037B,
ZB001C,
ZB002C,
ZB003C,
ZB004C,
ZB005C,
ZB006C,
ZB007C,
ZB008C,
ZB009C,
ZB010C,
ZB011C,
ZB012C,
ZB013C,
ZB014C,
ZB015C,
ZB016C,
ZB017C,
ZB018C,
ZB019C,
ZB020C,
ZB021C,
ZB022C,
ZB023C,
ZB024C,
ZB025C,
ZB026C,
ZB027C,
ZB028C,
ZB029C,
ZB030C,
ZB031C,
ZB032C,
ZB033C,
ZB034C,
ZB035C,
ZB036C,
ZB037C,
ZB001D,
ZB002D,
ZB003D,
ZB004D,
ZB005D,
ZB006D,
ZB007D,
ZB008D,
ZB009D,
ZB010D,
ZB011D,
ZB012D,
ZB013D,
ZB014D,
ZB015D,
ZB016D,
ZB017D,
ZB018D,
ZB019D,
ZB020D,
ZB021D,
ZB022D,
ZB023D,
ZB024D,
ZB025D,
ZB026D,
ZB027D,
ZB028D,
ZB029D,
ZB030D,
ZB031D,
ZB032D,
ZB033D,
ZB034D,
ZB035D,
ZB036D,
ZB037D,
ZB001E,
ZB002E,
ZB003E,
ZB004E,
ZB005E,
ZB006E,
ZB007E,
ZB008E,
ZB009E,
ZB010E,
ZB011E,
ZB012E,
ZB013E,
ZB014E,
ZB015E,
ZB016E,
ZB017E,
ZB018E,
ZB019E,
ZB020E,
ZB021E,
ZB022E,
ZB023E,
ZB024E,
ZB025E,
ZB026E,
ZB027E,
ZB028E,
ZB029E,
ZB030E,
ZB031E,
ZB032E,
ZB033E,
ZB034E,
ZB035E,
ZB036E,
ZB037E,
ZB001F,
ZB002F,
ZB003F,
ZB004F,
ZB005F,
ZB006F,
ZB007F,
ZB008F,
ZB009F,
ZB010F,
ZB011F,
ZB012F,
ZB013F,
ZB014F,
ZB015F,
ZB016F,
ZB017F,
ZB018F,
ZB019F,
ZB020F,
ZB021F,
ZB022F,
ZB023F,
ZB024F,
ZB025F,
ZB026F,
ZB027F,
ZB028F,
ZB029F,
ZB030F,
ZB031F,
ZB032F,
ZB033F,
ZB034F,
ZB035F,
ZB036F,
ZB037F,
ZC001A,DX9810081452
ZC002A,DX981026177
ZC003A,DX9811265597
ZC004A,DX981026231
ZC005A,
ZC006A,
ZC007A,DX9850003888
ZC008A,
ZC009A,
ZC010A,
ZC011A,
ZC012A,
ZC013A,
ZC014A,
ZC015A,
ZC016A,DX9850003562
ZC017A,DX9850003561
ZC018A,DX9850003560
ZC019A,
ZC020A,DX9850004310
ZC021A,DX9850000030
ZC022A,
ZC023A,DX9850003552
ZC024A,DX9850004309
ZC025A,DX9850004731
ZC026A,DX9806152112
ZC027A,
ZC028A,
ZC029A,
ZC030A,
ZC031A,
ZC032A,
ZC033A,DX9850000522
ZC034A,
ZC035A,DX9850000636
ZC036A,DX9850000520
ZC037A,
ZC001B,
ZC002B,
ZC003B,
ZC004B,
ZC005B,
ZC006B,
ZC007B,
ZC008B,
ZC009B,
ZC010B,
ZC011B,
ZC012B,
ZC013B,
ZC014B,
ZC015B,
ZC016B,
ZC017B,
ZC018B,
ZC019B,
ZC020B,
ZC021B,
ZC022B,
ZC023B,
ZC024B,
ZC025B,
ZC026B,
ZC027B,
ZC028B,
ZC029B,
ZC030B,
ZC031B,
ZC032B,
ZC033B,
ZC034B,
ZC035B,
ZC036B,
ZC037B,
ZC001C,
ZC002C,
ZC003C,
ZC004C,
ZC005C,
ZC006C,
ZC007C,
ZC008C,
ZC009C,
ZC010C,
ZC011C,
ZC012C,
ZC013C,
ZC014C,
ZC015C,
ZC016C,
ZC017C,
ZC018C,
ZC019C,
ZC020C,
ZC021C,
ZC022C,
ZC023C,
ZC024C,
ZC025C,
ZC026C,
ZC027C,
ZC028C,
ZC029C,
ZC030C,
ZC031C,
ZC032C,
ZC033C,
ZC034C,
ZC035C,
ZC036C,
ZC037C,
ZC001D,
ZC002D,
ZC003D,
ZC004D,
ZC005D,
ZC006D,
ZC007D,
ZC008D,
ZC009D,
ZC010D,
ZC011D,
ZC012D,
ZC013D,
ZC014D,
ZC015D,
ZC016D,
ZC017D,
ZC018D,
ZC019D,
ZC020D,
ZC021D,
ZC022D,
ZC023D,
ZC024D,
ZC025D,
ZC026D,
ZC027D,
ZC028D,
ZC029D,
ZC030D,
ZC031D,
ZC032D,
ZC033D,
ZC034D,
ZC035D,
ZC036D,
ZC037D,
ZC001E,
ZC002E,
ZC003E,
ZC004E,
ZC005E,
ZC006E,
ZC007E,
ZC008E,
ZC009E,
ZC010E,
ZC011E,
ZC012E,
ZC013E,
ZC014E,
ZC015E,
ZC016E,
ZC017E,
ZC018E,
ZC019E,
ZC020E,
ZC021E,
ZC022E,
ZC023E,
ZC024E,
ZC025E,
ZC026E,
ZC027E,
ZC028E,
ZC029E,
ZC030E,
ZC031E,
ZC032E,
ZC033E,
ZC034E,
ZC035E,
ZC036E,
ZC037E,
ZC001F,
ZC002F,
ZC003F,
ZC004F,
ZC005F,
ZC006F,
ZC007F,
ZC008F,
ZC009F,
ZC010F,
ZC011F,
ZC012F,
ZC013F,
ZC014F,
ZC015F,
ZC016F,
ZC017F,
ZC018F,
ZC019F,
ZC020F,
ZC021F,
ZC022F,
ZC023F,
ZC024F,
ZC025F,
ZC026F,
ZC027F,
ZC028F,
ZC029F,
ZC030F,
ZC031F,
ZC032F,
ZC033F,
ZC034F,
ZC035F,
ZC036F,
ZC037F,
ZD001A,DX980907826
ZD002A,
ZD003A,DX980907827
ZD004A,
ZD005A,DX9850004340
ZD006A,DX980907829
ZD007A,DX980907828
ZD008A,DX981026218
ZD009A,DX981026233
ZD010A,DX981026232
ZD011A,DX9850004732
ZD012A,DX9850004330
ZD013A,
ZD014A,DX9850002591
ZD015A,
ZD016A,
ZD017A,
ZD018A,
ZD019A,DX9850004293
ZD020A,DX9850001304
ZD021A,DX9810081330
ZD022A,DX9850000197
ZD023A,DX9850000196
ZD024A,DX9850000194
ZD025A,DX9850001305
ZD026A,
ZD027A,
ZD028A,
ZD029A,DX981026161
ZD030A,DX981026212
ZD031A,DX9850000516
ZD032A,DX9850000517
ZD033A,DX9811151380
ZD034A,
ZD035A,DX9850000518
ZD036A,DX9850000519
ZD037A,
ZD001B,DX9850004285
ZD002B,DX9850004286
ZD003B,DX9850004287
ZD004B,DX9850004288
ZD005B,DX9850004289
ZD006B,DX9850004290
ZD007B,DX9850004291
ZD008B,
ZD009B,
ZD010B,DX9850004294
ZD011B,DX9850004295
ZD012B,DX9850004297
ZD013B,DX9850004298
ZD014B,DX9850004299
ZD015B,
ZD016B,
ZD017B,
ZD018B,
ZD019B,
ZD020B,
ZD021B,
ZD022B,
ZD023B,
ZD024B,
ZD025B,
ZD026B,
ZD027B,
ZD028B,
ZD029B,
ZD030B,
ZD031B,
ZD032B,
ZD033B,
ZD034B,
ZD035B,
ZD036B,
ZD037B,
ZD001C,
ZD002C,
ZD003C,
ZD004C,
ZD005C,
ZD006C,
ZD007C,
ZD008C,
ZD009C,
ZD010C,
ZD011C,
ZD012C,
ZD013C,
ZD014C,
ZD015C,
ZD016C,
ZD017C,
ZD018C,
ZD019C,
ZD020C,
ZD021C,
ZD022C,
ZD023C,
ZD024C,
ZD025C,
ZD026C,
ZD027C,
ZD028C,
ZD029C,
ZD030C,
ZD031C,
ZD032C,
ZD033C,
ZD034C,
ZD035C,
ZD036C,
ZD037C,
ZD001D,
ZD002D,
ZD003D,
ZD004D,
ZD005D,
ZD006D,
ZD007D,
ZD008D,
ZD009D,
ZD010D,
ZD011D,
ZD012D,
ZD013D,
ZD014D,
ZD015D,
ZD016D,
ZD017D,
ZD018D,
ZD019D,
ZD020D,
ZD021D,
ZD022D,
ZD023D,
ZD024D,
ZD025D,
ZD026D,
ZD027D,
ZD028D,
ZD029D,
ZD030D,
ZD031D,
ZD032D,
ZD033D,
ZD034D,
ZD035D,
ZD036D,
ZD037D,
ZD001E,
ZD002E,
ZD003E,
ZD004E,
ZD005E,
ZD006E,
ZD007E,
ZD008E,
ZD009E,
ZD010E,
ZD011E,
ZD012E,
ZD013E,
ZD014E,
ZD015E,
ZD016E,
ZD017E,
ZD018E,
ZD019E,
ZD020E,
ZD021E,
ZD022E,
ZD023E,
ZD024E,
ZD025E,
ZD026E,
ZD027E,
ZD028E,
ZD029E,
ZD030E,
ZD031E,
ZD032E,
ZD033E,
ZD034E,
ZD035E,
ZD036E,
ZD037E,
ZD001F,
ZD002F,
ZD003F,
ZD004F,
ZD005F,
ZD006F,
ZD007F,
ZD008F,
ZD009F,
ZD010F,
ZD011F,
ZD012F,
ZD013F,
ZD014F,
ZD015F,
ZD016F,
ZD017F,
ZD018F,
ZD019F,
ZD020F,
ZD021F,
ZD022F,
ZD023F,
ZD024F,
ZD025F,
ZD026F,
ZD027F,
ZD028F,
ZD029F,
ZD030F,
ZD031F,
ZD032F,
ZD033F,
ZD034F,
ZD035F,
ZD036F,
ZD037F,
ZE001A,
ZE002A,
ZE003A,
ZE004A,
ZE005A,
ZE006A,
ZE007A,
ZE008A,
ZE009A,
ZE010A,
ZE011A,
ZE012A,
ZE013A,
ZE014A,
ZE015A,
ZE016A,
ZE017A,
ZE018A,
ZE019A,
ZE020A,
ZE021A,
ZE022A,
ZE023A,
ZE024A,
ZE025A,
ZE026A,
ZE027A,
ZE028A,
ZE029A,
ZE030A,
ZE031A,
ZE032A,
ZE033A,
ZE034A,
ZE035A,
ZE036A,
ZE037A,
ZE038A,
ZE039A,
ZE040A,
ZE041A,
ZE042A,
ZE043A,
ZE044A,
ZE045A,
ZE046A,
ZE001B,
ZE002B,DX9850003427
ZE003B,DX9850003437
ZE004B,DX9850003406
ZE005B,DX9850003418
ZE006B,
ZE007B,
ZE008B,DX9850005065
ZE009B,
ZE010B,DX9850005066
ZE011B,
ZE012B,DX9850005067
ZE013B,
ZE014B,DX9850005077
ZE015B,
ZE016B,DX9850005070
ZE017B,DX9850005078
ZE018B,DX9850005072
ZE019B,DX9850005083
ZE020B,
ZE021B,DX9850003429
ZE022B,DX9850003421
ZE023B,DX9850003425
ZE024B,DX9850003413
ZE025B,
ZE026B,DX9850003438
ZE027B,DX9850003394
ZE028B,DX9850003424
ZE029B,DX9850003416
ZE030B,DX9850003423
ZE031B,DX9850003393
ZE032B,DX9850003395
ZE033B,DX9850003537
ZE034B,DX9850003538
ZE035B,DX9850003539
ZE036B,
ZE037B,
ZE038B,
ZE039B,
ZE040B,
ZE041B,
ZE042B,
ZE043B,DX9850001184
ZE044B,DX9850004965
ZE045B,DX9850001185
ZE046B,
ZE001C,DX9850003426
ZE002C,
ZE003C,
ZE004C,
ZE005C,
ZE006C,
ZE007C,
ZE008C,DX9850005080
ZE009C,
ZE010C,DX9850005075
ZE011C,
ZE012C,DX9850005076
ZE013C,
ZE014C,DX9850005068
ZE015C,
ZE016C,DX9850005069
ZE017C,DX9850005071
ZE018C,DX9850005073
ZE019C,DX9850005074
